,clean,label
0,gaji guru juta p al mendukung program ganjarmahfud keyakinan peran guru pembangunan nasional peningkatan kualitas pendidikan insyaallah program langkah kesejahteraan guru membawa berkah,p
1,lihat ganjar makassar kemarin video membuktikan ganjar beda ganjar terbaik coba perhatikan calon acara ditempat ganjar kesan,p
2,ganjar mahfud targetkan desa puskesmas dokter indonesia emas dsa sabang merauke mnang ditambah smkn gratis keluarga sarjana guru sejahtera ganjar mahfud gagasan membawa indonesia unggul andalkan,p
3,calon presiden capres nomor urut anies baswedan kereta rel listrik krl stasiun bogor stasiun tanjung barat berkampanye bogor jawa barat kesempatan anies berjanji memperbanyak transportasi download metrotvxtend,p
4,pagi anies tanah merah koja jakarta utara anies berbincang bincang warga tanah merah duduk minum air mineral anies rakyat jarak ayo dukung amin,p
5,gen menyesal pilih pasangan amin tesis anies baswedan kuliah pollution keren peduli lingkungan hidup aminajadulu aniesmuhaimin satukanindonesia salamadlmakmur,p
6,prestasi gibran kota solo dinikmati rakyat indonesia hasil kerja gibran dihujat tempatnya nyaman berkunjung liburan gibran maju,p
7,drama gara gara gibran bu iriana nama indonesia tercoreng mata dunia gibran bu iriana pengkhianat cerita setolol,p
8,kampanye tkn prabowogibran langsung luncurkan program konkret program makan siang gratis minum susu manfaatnya langsung dirasakan masyarakat masyarakat manfaat prabowogibran terpilih,p
9,organisasi didirikan wapres arus indonesia arbi mendukung pasangan calon subianto menilai visi misi program pasangan mewujudkan indonesia maju,p
10,indonesia memanggil ganjarmahfud integritas beliau berdua komitmen thd kepentingan bangsa negara diatas kepentingan pribadigolongan keluarga hindari memilih pemimpin mencla mencle pilihanku bulat ganjarmahfud sepakat,p
11,presiden anies menyuruh komisioner kpk ubtuk menandatangani surat pengunsuran melanggar etika ditetapkan kpk,p
12,langkah anies terpilih pilpres mendorong sahkannya undang perampasan aset ancaman mengerikan bang koruptor bangsat miskin,p
13,menjaga pemilu mengamankan suara partai suara capres menjaga suara anak bangsa menjaga negerinya dukung bawaslu sentra gakkumdu mengawasi memantau suara rakyat utuh aminajadulu pilpres pemilu,p
