,full_text
0,mie spekta rasa ramen jepang bisa kamu beli secara online di website atau aplikasi dan official store di shopee tokopedia dan tiktok shop borong sekarang juga
1,liat chef hideki nyeruput kuah mie ramen jepang jadi ngiler banget deh ğŸ¤¤ sekarang ramen time di rumah jadi lebih oishiip bareng mie spekta rasa ramen jepang yuk buruan cobain
2,chef hideki aja udah cobain mie ramen jepang kamu kapan nih yuk nikmati lezatnya citarasa ramen dalam mie varian baru mie spekta rasa ramen jepang oishiip
3,masih produksi kak mie dan beberapa snack seperti chimi ubi brownies crispy cassamo dan sola farm bisa kakak temui di indomaret maupun alfamart terdekat serta beberapa supermarket lainnya semoga membantu ya kak ğŸ˜ŠğŸ™ğŸ» terima kasih
4,halo kak mie tetap pakai standart tanpa p tanpa pengawet tanpa penguat rasa dan tanpa pewarna buatan ya baik mie maupun bumbunya jadi kita nggak pakai micin di mie maupun bumbunya semoga menjawab ya ğŸ˜ŠğŸ™ğŸ»
5,sekarang harga mie ribuan kak semisal mau lebih murah lagi bisa pantengin instagram story atau tiktok live juga buat promopromo flash salenya semoga membantu ğŸ˜ŠğŸ™ğŸ»
6,betul sekarang harga mie jadi ribuan ğŸ˜ selain itu dari segi rasa tekstur dan kualitas lainnya terus kami coba perbaiki kak jadi sekalipun harga turun nggak perlu khawatir kualitas ikut menurun ya karena kami upayakan agar kualitasnya terus meningkat ğŸ™ğŸ»
7,favorite moni selain natriumnya lebih sedikit rasanya enak dan teksturnya sedikit beda dengan varian mie yang lain karena ini dari mie konjakğŸ¥°
8,mie yang dipanggang bukan digoreng hadirğŸ™‹ğŸ»
9,ini sampe capslock jebol pasti beneran menikmati mie bangeet nih seneng bacanya kak ğŸ¥° semoga bisa selalu jadi comfort food kamu ya
10,jalan tengahnya makan mie soto koya kak ğŸ˜ŒğŸ™ğŸ»
11,opor ayam rendang sama bakso nder biasanya kalau pagi tuh opor ayam dan kadang ada alternatif rendang siangan dikit kelar halal bihalal keliling yang dimakan bakso sorean kalau dah laper lagi bikin mie instan
12,sahur dan berbuka makin nikmat dengan mie harga an resepnya wajib kamu coba ya ğŸ˜
13,mie kangkung pakenya varian mie goreng
14,saat ini baru varian mie goreng kak yang harganya lima ribuan silakan nyalakan lonceng atau notifikasinya untuk update harga terbaru dari cuss langsung serbu supermarket terdekat kamu ğŸ¥°
15,selalu melangkah untuk menyehatkan masyarakat indonesia dengan harga ribuan memberi yang terbaik untuk semua yuk serbu mie di alfamart dan indomaret terdekatmu
16,atas petir lawan angin mana gelapgelapan sendirian mending sedia stock kayak telur abon mie atau telur asin aja nder ğŸ˜­ğŸ™ğŸ»
17,siapa yang ngalamin sahur kesiangan juga gak perlu khawatir yuk recook resepnya pake mie rendang eitsstapi jangan lupa tambahin protein amp sayur juga ya biar tetep kuat puasanya ğŸ˜‰
18,kreatif kadang moni juga begini tapi mienya dimasak setengah mateng terus baru dicampur nasi dan bumbunya barengan coba aja kak bisa juga beli saus bolognese kemasan dicampur sama varian mie rendang ini manteeup banget ğŸ˜
19,emaknya dah ceklakceklek kompor mau bikin mie rebus anget tuh bang pulang bang sebelum keluar kalimat â€œmasak sendiri aja sonoâ€
20,pasti kalau abangnya jualan mie mienya meski lurus tetep disisir ulang biar rapi dan dipotong sama rata nih ğŸ˜
21,dengan rasa khas yang terinspirasi dari kelembutan alam nikmatnya mie goreng siap manjain lidah dan temani kamu untuk gapai semua mimpimuğŸ’š
22,biasanya sekali beli butir telur jadi selalu ditaruh di suhu ruang nice info kak ğŸ‘ğŸ» jadi tahu gimana nyimpen topping andalan mie satu ini
23,mie âœ… telur âœ… tempe ungkep âœ… ayam ungkep âœ… michoco âœ… chimi ubi âœ… buah yang awet di suhu ruang kayak apel pisang sama buah naga âœ… sisanya bahan makanan mentah yang cuma tahan hari kayaknya
24,buat anak kost yang badannya mungil dan nyaman aja di space yang kecil ini oke cuma lihat rak atas jadi pengen nyempilin mie di sana ğŸ˜”
25,tergantung tanggal dan stock bahan nder kadang apa adanya tapi kalau lagi ada duit dan bahan pake loncang atau daun bawang cabe sama kornet kalau kepepet banget biar jadi lauk sehari x ala anak kostan dibikin omelette mie aja sekalian ğŸ˜
26,berasa nostalgia warnet jaman smp dulu bayarnya dua ribu sejam ini paling enak kalau pesen mie kuah kari ayam pake topping telur makin betah ğŸ‘ğŸ»
27,hujanhujan enaknyaâ€¦ mie kuah kari tambahin topping favoritmu biar makin mantap ğŸ˜‹
28,mie turun hargağŸ”¥ğŸ”¥ğŸ”¥ sekarang harga mie cuma rp lho yuk buruan borong di terdekatmu
30,sebelum pamit gimana nih acara nct dream fan event hari ini banyak faktafakta memberdeul yang menarik nggak sih termasuk pilihan topping mie mereka yang menggugah selera dan unikğŸ˜
31,sejauh ini tampilan topping mie lemonilonya renjun yang lokal banget cabenya manteup ğŸ˜ ada yang kalau makan mie toppingnya kayak renjun gini juga harus ada cabe ğŸŒ¶
32,tolong yang di rumahnya ada daun ketumbar boleh langsung kirim ke jaemin topping mie yang dicari daun ketumbar nih mana ditambah ginseng juga doyan nggak kalau yang masakin jaemin pake topping ginseng sama daun ketumbar ğŸ˜
33,ada yang bisa nyebutin nggak tadi chenle masukkin apa aja ke mie lemonilonya ğŸ˜† toppingnya banyak banget
34,fyi renjun suka mie goreng jeno suka kari ayam jaemin suka ayam bawang chenle paling suka mie goreng sama rendang jisung suka mie goreng sama pedas korea kalau kamu sukanya varian kayak siapa nih ğŸ¤­
35,sebelum mulai rutinitas lagi di hari senin yuk kita santai sejenak bareng mie di hari minggu ini kita hargai perjuangan dan setiap proses yang kita lewatin dalam seminggu ini kalo kamu udah ngelewatin hal seru apa aja di minggu ini
36,mana nih topping telur favorit yang sering kamu makan bareng mie ğŸ˜ğŸœ
37,â€¼ï¸ last call â€¼ï¸ panggilan terakhir buat besok hari terakhir nih yuk buruan beli mie dan jadi bagian dari orang pemenang yang bakal seruseruan bareng member nct dream buruan beli amp daftar sekarang juga
38,buat kamu yang mau ikutan nct dream online fan event masih ada kesempatan lho yuk beli mie pcs varian apapun dan daftarkan diri kamu di
39,bulan januari udah pasti identik sama hujan sekarang kalo mau makan aja sampe nyesuain milihnya yang pedes atau hangat pas banget si kalo mie pedas korea jadi pilihan kamu akhirakhir ini coba absen pake emot ğŸ’š yang setuju mie pedas korea endulita dimakan pas ujan
40,boleeh dong pokoknya mie varian apapun yang penting ada tulisan dan logo nct dream ya good luck ğŸ˜
41,kemudian daftarkan diri kamu di pendaftaran ini akan dibuka dalam periode januari akan mengundi peserta yang beruntung untuk mengikuti kegiatan ini yuk buruan beli mie dan wujudkan mimpimu
42,hai ayo wujudkan mimpi kamu bertemu nct dream di nct dream online fan event bersama ğŸ¥³ğŸ¥³ğŸ¥³ caranya gampang cukup beli bungkus mie kemasan spesial nct dream di marketplace minimarket kesayangan kamu
43,tahun baru semangat baru yuk semangati pagimu dengan mie rendang âœ¨ aroma dan rasa rendangnya manjadin siap manjain lidahmu
44,harihari ngebadut ğŸ¤¡ğŸ¤¡ yaudahlah walau jadi badut tapi tetep skuy seruput mie
45,siapa nih yang juga jadi pada kicep pas nyokapnya temen tibatiba masuk pas klean lagi mabar untung yang dibawain mie fix lanjut seru terus kuy
46,baru x mie tori miso ramen usahagi naburo dan lutfy udah siap seseruan kapan aja dan di mana aja kuy sobisan nikmatin kolaborasi x mie tori miso ramen dengan topping nori
47,omaygat ternyata sobi ini cuma perlu seruput mie biar mood nya jadi happy lagi dan sekarang doi jadi nyetok mie biar selalu skuyy cr yukpopmie
48,mimin penasaran deh ini si mbak merah sama bisa bikin seru kayak mie ayam gak ya sob
49,sobisobi kuy nonton video full edisi receh battle ini di youtube mie official akhir kata makasih yak sob udah ngikutin keseruan di ramadan kali ini makan yuyu baekbaek kelolodan see you di ramadan taun depan
50,biar kata mabar lo gg atau enggak yang penting nikmatin aja dulu pedesnya hidup lo pake mie pedas dower pangsit jontor pasti tetep berasa gacorr sob
51,jebakan dating apps ğŸ˜µğŸ’« ğŸ’—ketemu crushğŸ’— ğŸœseruput ğŸœ ğŸ¥°ngobrolğŸ¥° mie ğŸ’”ğŸ’”ghostingğŸ’”ğŸ’”
52,biar gak keabisan bundlingbundling menguntungkannya buru deh lo pada sikat di mie official store ecommerce langganan lo cek sekarang juga di
53,hal yang dipikirin sebelum sampe pos tenda bikin tenda masak air panas nyeruput mie beneran gak nih sobisobi yang anak gunung
54,ngepop mie sambil belajar fisika kudu belajar biar lulus denger denger sobi jakarta ada yang pinjem seratus
55,cie yang degdegan mau war tiket kalo kata mimin sih janlup sediain yang yellowyellow kayak mie kari ayam biar ngewar lebih siap
56,foto mamang mie lagi nyeruput kenikmatan mie jadi kesebar deh
57,pemangsa sekali seruput mie langsung dihabisi
58,mau kumpul pake baju warna apa kek asal ditemenin mie mah jadi lebih seru
59,serakah ate all your faves up alias semua rasa mie enak banget sob
60,ada yang tau siapa dedek sobi kedinginan di video ini mimin mau kasih hadiah mie nih karena mimin tau kalo ngepop mie abis berenang kayak doi tuh enak banget rasanya
61,mudik naek kereta pas masih puasa sob bae lo pada bablas ketiduran ntar alamat sahur kepepet eits tapi mah selama lo udah stok mie selama di kereta mah pasti aman menit langsung jadi sahur kepepet langsung teratasi source
62,karna mamang mie tugasnya bikin puasa kalian lebih seru dan manteb gw buka challenge aja deh nih buat antumantum semwa nih ya tantang mamang apa yang bisa mamang lakuin sembari nyeruput mie di ramadan kali ini gas langsung reply aja twit ini yak
63,hai sob mie bisa di beli di toko terdekat atau online disini yaa
64,bete amp puyeng abis sekolahkuliahkerja emang paling enak diseruin lagi dengan cara kreatifkreatifan sama mie sob anyway lo semua pada masuk sekte kreatif mie yang mana nih dari gambar ini
65,wah mantap nih sobi jago pantun pasti sering ngepop mie juga ya sob xixi
66,stok mie biar nggak kena jebakan sob pas banget lagi ada promo palugada buruan check out sebelum sold out
67,dapet sedus mie sob kirakira tau dedek sobi yang di video gak nihh
68,halo sob mie pakai nasi sudah tidak diproduksi lagi yaağŸ™
69,halo sob mohon maaf atas ketidak nyamanannya ada foto bungkus mie yang terlihat jelas kode produksi dan tanggal kadaluarsanya ke kalau ada mohon kirimkan ke dm ya sob terima kasih
70,kalo adanya pc mamang mie tetep mau borong juga kan sobb
71,mahkota mie lo sedang disortir di cakung sobğŸ™
72,cobain mie tori miso sekarang sobbu manzoku rasanyağŸ™ŒğŸ»
73,gapapa sob ngepop mie bikin seru lanjut lagih
74,hai sob mie mi goreng pedas sekarang sudah berubah menjadi mie goreng pedes gledeek ya terima kasih ğŸ˜Š
75,halo sob tengkyu udah seruput mie untuk nemenin lo di kereta mimin minta izin untuk memfitur foto ini apakah boleh mohon dm mimin ya
76,jadi lo termasuk korban mie yang mana
77,mohon maaf sebelumnya sob namun untuk dapat membuat laporan kami memerlukan foto bungkusnya beserta kode produksi amp tanggal kadaluarsanya jika kedepannya menemukan produk mie yang tidak sesuai mohon disimpan terlebih dahulu ya sob bungkusnyağŸ™
78,lthalo sob mohon maaf atas ketidak nyamanannya ada foto bungkus mie yang terlihat jelas kode produksi dan tanggal kadaluarsanya kalau ada mohon kirimkan ke dm kami ya sob terima kasih
79,makasih banyak buat kleanklean yang terus mendukung pencarian berfaedah ini ya sampai jumpa di keseruan mie selanjutnya sob
80,sekarang doi udah gak ngepop mie sambil menggigil di kolam renang lagi udah gede anaknya ğŸ˜ btw juga doi tinggal di cirebon loh mana nih sobisobi cirebon suaranya
81,kunci percintaannya di dimas nih sobğŸ¤”ğŸ¤” makanya beliin dimas sedus mie biar dia jadi badutnya tambah seru sob xixiğŸ¤­
82,berhubung ramadhan adalah bulan penuh berkah ada baiknya gw ngelakuin yg bisa gw lakuin buat nambah pahala duit hehe nah makanya gw balik lagi nih jadi mamang mie buat bikin puasa sobisobi mieku makin seru
83,udah lah daripada jadinya lo malah pusing tujuh keliling muter kayak starling mending langsung aja ke dan abisin thr lo buat beli mie biar hari lo tetep seru terus kuy
84,logo twitter boleh berubah tapi kalo promo mie mah tetep ada terus sob kuy cek promo terbaru mie di sini masih ada promo popkalcer beli mie dapet joey bag keren
85,lo harus jadi top spender bundle mie bisa beli paket jurus sabi bundle pcs atau cartondus isi atau pcs cuman berlaku pembelian melalui beli mie sebanyakbanyaknya selama periode maret april ya
86,ketika tidur mau lelap tibatiba baru ke inget belom beli kuah soto mie buat sahur ğŸ˜
87,maaf ya kak blok mie nya jadi berjamur cuss melipir ke dm yuk mohon bisa mengirimkan foto di atas sekalian foto kode produksi dan tanggal kadaluarsa produk tersebut ya terima kasih ğŸ™
88,maafin ya kak minyaknya bocor yuk ke dm yuk kita marahin minyaknya mohon bisa melampirkan foto kondisi mie dan bumbu foto kode produksi dan tanggal kadaluarsa juga ya terima kasih ğŸ™
89,mohon maaf ya kak cuss ke dm yuk mohon untuk melampirkan foto kondisi mie dan bumbu foto kode produksi dan tanggal kadaluarsa juga ya terima kasih ğŸ™
90,yah maaf kak kecapnya bocor jika berkenan bisa yuk cuss ke dm mohon bisa melampirkan foto kondisi mie dan bumbu foto kode produksi dan tanggal kadaluarsa juga ya terima kasih ğŸ™
91,mohon maaf ya kak bumbunya hilang jika berkenan yuk sini sini mampir ke dm jangan lupa untuk menyertakan video di atas foto mie dan bumbu foto kode produksi dan serta foto tanggal kadaluarsa produk yang bermasalah ya terima kasih ğŸ™
92,ğŸ˜± maaf ya kaa tapi ada hack terbaru caranya kakak bisa langsung cuss ke dm lalu melampirkan foto kode produksi dan tanggal kadaluarsa serta foto kondisi mie dan bumbu terima kasih ğŸ™
93,halo kak mohon maaf atas ketidaknyamanannya jika berkenan boleh mengirimkan foto di atas ke dm juga foto kondisi blok mie dan bumbu ya terima kasih ğŸ™
94,maafin aku kak sini sini kirimin foto kondisi mie dan bumbunya juga foto kode produksi dan tanggal kadaluarsa ke dm ya maacih ğŸ˜ŸğŸ™
95,hiks maafin bumbunya melarikan diri yuk kak kita cari samasama di dm kakak bisa mengirimkan foto kode produksi dan tanggal kadaluarsa produknya serta foto kondisi mie dan bumbunya juga ya terima kasih ğŸ™
96,halo kak mohon maaf ya bumbunya bocor ğŸ˜­ mohon bisa dikirimkan foto kondisi mie dan bumbu foto kode produksi serta tangga kadaluarsanya ke dm ya kak terima kasih ğŸ™
97,mohon maaf ya bawang gorengnya hilang jika berkenan yuk sini sini mampir ke dm jangan lupa untuk menyertakan video di atas foto mie dan bumbu foto kode produksi dan serta foto tanggal kadaluarsa produk yang bermasalah ya terima kasih ğŸ™
98,halo kak mohon maaf atas ketidaknyamanannya mohon bisa mengirimkan foto kondisi mie dan bumbu yang bocor foto kode produksi dan tanggal kadaluarsa ke dm terima kasih ğŸ™
99,mohon maaf ya kak bumbunya hilang jika berkenan yuk sini sini mampir ke dm jangan lupa untuk menyertakan video di atas foto mie dan bumbu foto kode produksi dan serta foto tanggal kadaluarsa produk yang bermasalah ya terima kasih ğŸ™
100,halo kak mohon maaf atas ketidaknyamanannya jika berkenan yuk sini sini mampir ke dm jangan lupa untuk menyertakan video di atas foto mie dan bumbu foto kode produksi dan serta foto tanggal kadaluarsa produk yang bermasalah ya terima kasih ğŸ™
101,halo kak mohon maaf atas ketidaknyamanannya ya mohon bisa mengirimkan foto kondisi mie dan bumbu sekalian foto kode produksi dan tanggal kadaluarsa produk tersebut ya terima kasih ğŸ™
102,yang sorenya indah ditemani senja yang cantik wajib banget dinikmati di mie tag orangnya yang mau kalian ajak ke mie sore hari ğŸ˜‰ ğŸ“¸naninabila
104,malemmalem overthinking sendiri beli apa beli a ya beli apa beli b ya endingnya tetep sama beli juga ğŸ˜œğŸ˜‹
105,siap bos ğŸ¤©
106,pesta yang auto bikin kalian kenyangğŸ¤© fest dengan menu paket favorite kalian bisa didapatkan saat dinein take away atau order melalui gofood grabfood dan shopeefoodğŸ˜Š buruan diorder sekarang lebih puas lebih cepet juga pesannya ğŸ˜
107,dan candu yang satu ini bersertifikat halal ğŸ˜Œ
108,scan sekarang juga caranya kalian buka google dan tekan icon kamera kemudian akan muncul google lens dan arahkan kamera ke barcode hingga muncul link form customer care kalian bisa beri penilaian tentang beberapa aspek pelayanan untuk proses perbaikan kedepannyağŸ˜‰
109,kalau hujanhujan sukanya pesen minuman es atau hot gaess
112,besok mimin yang nungguin ğŸ˜Š
113,sore hari mimin bawa kabar buat warga tasikmalaya nihğŸ˜Œ kosongin hari kamis buat ke grand opening mie yuk ğŸ—“ï¸ kamis desember ğŸ•— wib ğŸ¡ jl siliwangi tugujaya cihideung âœ… dinein take away grabfood shopeefood dan gofood ğŸ˜‰
114,mimin masukin list nih
115,cabang baru lagi di pulau sumaterağŸ¥³ yuk datang ke grand opening mie binjai hari ini ğŸ—“ sabtu desember ğŸ•— wib ğŸ¡ jl soekarno hatta timbang langkat kec binjai tim kota binjai âœ…ï¸ dine in take away grabfood shopeefood amp gofood ğŸ˜‰
118,mimin juga pengen cepetcepet buka di batam doain ya semoga segera terlaksana ğŸ˜Š
120,siapa yang nggak sabaran buat nunggu hadirnya mie di ciamisğŸ™‹â™‚ï¸ bisa nih weekend kali ini ke cabang baru mie ciamis ğŸ—“ï¸ sabtu desember ğŸ•— wib ğŸ¡ jl jend ahmad yani no âœ… dinein take away grabfood shopeefood amp gofood ğŸ˜‰
121,weh siapsiap mimin catet dulu ya kak salam buat temennya ya ğŸ˜‰
122,siyap mimin masukin list dulu ya ğŸ˜ŠğŸ˜‰
123,jumat ini ada cabang baru nih di merr ğŸ¥³ tandain ya gaess tanggal dan jamnya ğŸ—“ï¸ jumat desember ğŸ•˜ wib ğŸ¡ jl dr ir h soekarno no mulyorejo âœ… dinein take away grabfood shopeefood amp gofood sstt bisa banget buat ngedate sama ayang ğŸ˜‰
124,hari ini datang ya
125,maunya buka dimana nih kak
126,besok ya kak ğŸ˜Š
127,mie akan hadir di ciamis gaessğŸ¥³ jangan lupa catet tanggalnya yaa ğŸ—“ï¸ sabtu desember ğŸ•— wib ğŸ¡ jl jend ahmad yani no âœ… dinein take away grabfood shopeefood amp gofood ğŸ˜‰ kirakira ajak siapa ya ke grand opening mie ciamis
128,mimin juga pengennya buka di lumajang ğŸ˜­ğŸ˜­ doain ya semoga segera buka disana
129,orang lampung wajib merapat nih ke grand opening mie ğŸ¥³ hari ini ğŸ—“ minggu des ğŸ•— wib ğŸ¡ jl za pagar alam gedong meneng kec kedaton kota bandar lampung lampung âœ…ï¸ dine in take away grabfood shopeefood dan gofood ğŸ˜‰
130,mimin kira bakalan pesen yang panas biar imbang dengan cuacanya ğŸ¤£
131,hari ini buka ya kak â˜ºï¸
132,hai kak cabang bekasi bisa dilihat di link bio mimin ya mimin tunggu kedatangannya ğŸ˜
133,sudah bisa pesen hot lemon tea loh kak hot orange juga nggak kalah enaknya ğŸ˜„
134,besok mimin tunggu ya ğŸ˜Š
136,bangun pagi buat siapsiap ke grand opening mie merr nihğŸ¥³ ğŸ—“ï¸ jumat desember ğŸ•˜ wib ğŸ¡ jl dr ir h soekarno no mulyorejo âœ… dinein take away grabfood shopeefood amp gofood jangan lupa mampir gaess ajak bestiee juga ya ke ğŸ˜‰
137,grand opening mie ciamisğŸ¥³ buruan dateng gaess hari ini ğŸ—“ï¸ sabtu desember ğŸ•— wib ğŸ¡ jl jend ahmad yani no âœ… dinein take away grabfood shopeefood amp gofood sabi nih weekend di ğŸ˜‰
139,mau lah doain ya semoga kesampaian buka disana ğŸ˜‰
140,ğŸ¶rek ayo rek mlakumlaku nang ğŸ¶ ojok lali mene nang grand opening mie surabaya merr ğŸ—“ï¸ jumat desember ğŸ•˜ wib ğŸ¡ jl dr ir h soekarno no mulyorejo âœ… dinein take away grabfood shopeefood dan gofood ğŸ˜‰
143,wah pingin banget loh mimin sampein ke pusat ya sarannya terima kasih kak ğŸ˜Š
145,hai kak tungguin informasi dari mimin ya ğŸ˜Š
146,kesenengan mimin juga kalau ini ğŸ˜…
147,kan pingin deket sama kakaknya
148,mimin catet dulu yaa ğŸ˜‰
151,hai kak mohon maaf ketidaknyamanannya untuk komplain kakak bisa menghubungi nomor cs mie yang ada di link bio untuk memudahkan kami dalam proses follow up ke resto cabang yang terkait atau juga bisa mengisi qr code pada bill ğŸ™
152,wait wait mimin catet dulu ya ğŸ˜‰
153,hai kak mohon maaf ketidaknyamanannya untuk komplain kakak bisa menghubungi nomor cs mie yang ada di link bio untuk memudahkan kami dalam proses follow up ke resto cabang yang terkait atau juga bisa mengisi qr code pada bill ğŸ™
156,hai kak mohon maaf ketidaknyamanannya untuk komplain kakak bisa menghubungi nomor cs mie yang ada di link bio untuk memudahkan kami dalam proses follow up ke resto cabang yang terkait atau juga bisa mengisi qr code pada bill ğŸ™
158,wah terima kasih udah order mie kak mimin tunggu kedatangannya lagi ya ğŸ˜Š
